"","GLOB_EFF0.1","CLUSTERING0.1","GLOB_EFF0.2","CLUSTERING0.2","GLOB_EFF0.3","CLUSTERING0.3","PH_BS","PH_BD","PH_CS","MST_LEAF","MST_DIAM","RAW_FC"
"sub-100610",0.847920202216433,0.569606022926638,2.02257354685532,0.58822595630839,4.11667280980843,0.59461271910626,0.920231867288991,1.4829536373,0.387392387874125,0.360730593607306,0.197247706422018,0.11011898512815
"sub-102311",0.905374621303264,0.557683227532658,2.11242803600932,0.601708845979496,4.47436341713823,0.596113601125166,0.91255441802844,1.5159964509,0.414208544986102,0.351598173515982,0.178899082568807,0.104864432507652
"sub-102816",1.17685533000483,0.519988003669466,2.50403134963292,0.527580587761524,4.5443291918203,0.537720301394752,0.768681005850459,1.4584858784,0.37692074861308,0.397260273972603,0.188073394495413,0.0931828603210547
"sub-104416",0.878589784086898,0.691774663607615,2.11825675082909,0.601267468313292,4.12936583297089,0.606068018977848,0.901016982262844,1.5818404826,0.527448325575063,0.410958904109589,0.224770642201835,0.108554047995959
"sub-105923",0.973187844191146,0.561903746735597,2.38931607958407,0.572496185893674,5.12158981388133,0.571177251770501,0.912136172549541,1.5942331671,0.436937224965261,0.383561643835616,0.178899082568807,0.0972309322585337
"sub-108323",1.01134267232163,0.515606299511769,2.42738537390844,0.522897633263794,5.17227372208181,0.535919534044779,0.944650907812385,1.5704113281,0.526889114926066,0.34703196347032,0.206422018348624,0.0974182448731192
"sub-109123",0.846759031196666,0.579695697796432,2.33587823834668,0.585523056336267,5.18221783585359,0.563516778870382,0.891335225427982,1.3059823614,0.408956265901011,0.388127853881279,0.211009174311927,0.0996675493163707
"sub-111312",0.921347057907281,0.520674088595529,2.1004564268506,0.565925856537318,4.32631960775178,0.580239215829612,0.913481011463303,1.486871688,0.41924830365152,0.324200913242009,0.160550458715596,0.105502408254944
"sub-126426",0.983096331625578,0.538798562382338,2.28252154908831,0.573564803547768,4.61628999709786,0.573084610818758,0.84234781716422,1.5447782144,0.359642248284885,0.397260273972603,0.142201834862385,0.0986187894710688
"sub-128935",1.04878687215911,0.532283493104761,2.5131249339094,0.548103268084626,5.17914690376103,0.550713417131877,0.835173940904587,1.5384194436,0.363578006605298,0.365296803652968,0.174311926605505,0.0934402594724003
"sub-130114",0.971248123980195,0.539512614987358,2.48977378285504,0.539571979885394,5.03750246429879,0.545752113574733,0.869191663825229,1.7164921528,0.373811647032512,0.383561643835616,0.146788990825688,0.0963762365526265
"sub-130518",1.22179137785201,0.54166511037239,2.80423891222113,0.510214095833373,5.54656502015367,0.518576937686301,0.785176911631651,1.1541662901,0.447244649988475,0.36986301369863,0.18348623853211,0.0858959220314125
"sub-131217",0.791075799633753,0.612749937254246,2.00660588264702,0.618240663296847,4.17031985459465,0.616576703550483,0.924576497283027,1.5940174712,0.365366042724956,0.365296803652968,0.169724770642202,0.111122957991265
"sub-131722",0.722994015009058,0.616329817215557,1.73950635969529,0.659889467102344,3.62073096275634,0.651911149818419,0.960332294369266,1.3937679313,0.457579609527563,0.374429223744292,0.169724770642202,0.121204508320892
"sub-132118",0.922554082049866,0.513065299219901,2.11617654044115,0.563273438157685,4.35360143000619,0.580412909187358,0.897945886233028,1.8108616559,0.348188188647346,0.374429223744292,0.215596330275229,0.104041697731705
"sub-134627",0.995477208352312,0.539233673217373,2.27410930011153,0.546555369450012,4.38075802951661,0.55220767445536,0.882578617308716,1.7082409566,0.444234998908456,0.378995433789954,0.224770642201835,0.102461692499712
"sub-134829",1.05925158143138,0.574219154443486,2.4889873307871,0.561452630119897,4.8190955321985,0.558409203668916,0.849769631348165,1.757281431,0.399207585136303,0.342465753424658,0.142201834862385,0.0952501813297365
"sub-135124",0.804575491072026,0.634124179707219,2.04016308065703,0.615895969801266,4.38924218436961,0.59584479529034,0.939906448757339,1.5443055507,0.454408390385863,0.351598173515982,0.224770642201835,0.111231528943237
"sub-137128",0.993173590211121,0.525261465652716,2.4056134977705,0.550257943679558,4.82255707045639,0.549185684393366,0.894440117255505,1.6744152519,0.414535789757101,0.406392694063927,0.211009174311927,0.098279177186907
"sub-140117",0.910907372414118,0.543401933776265,2.03608905567277,0.57024653436005,3.87767279779201,0.589865623296238,0.954887207994954,1.5667061008,0.509940704631102,0.36986301369863,0.23394495412844,0.109894251168236
"sub-144226",0.929355573993522,0.538121370344717,2.07982418104956,0.589988798655839,4.32029112473522,0.597502597436051,0.903474891744037,1.3862558918,0.536312618117174,0.378995433789954,0.192660550458716,0.104833572638731
"sub-145834",1.05613478490231,0.519401231711224,2.39825480606288,0.535234702725504,4.84129237506339,0.542360478104017,0.858958757861927,1.4323506099,0.415214292366478,0.351598173515982,0.211009174311927,0.0963177111539151
"sub-146129",0.914591078250447,0.536645010584714,2.25862928587859,0.556057446758663,4.68125922892916,0.563942363260431,0.924698320333486,1.8782751752,0.450502616445101,0.374429223744292,0.220183486238532,0.102176364616446
"sub-146432",0.867731042919845,0.567701994814541,2.02717696779934,0.590418128166583,4.11284469337545,0.600487332121719,0.912034712840826,1.5520837494,0.3748687537193,0.337899543378995,0.243119266055046,0.107958282778686
"sub-146735",0.928279099504934,0.550070314288517,2.18770064651183,0.581253617215314,4.4811707867995,0.588075679751772,0.855286626387615,1.5660505472,0.351047005283252,0.401826484018265,0.206422018348624,0.102619547404682
"sub-146937",0.897663956448229,0.597219076161768,2.10805091165039,0.603535470700135,4.62188378653284,0.606023482890641,0.885383236461927,1.4803830893,0.379883380067593,0.388127853881279,0.160550458715596,0.102552215648316
"sub-148133",0.883515441019871,0.525895346343556,2.1900462496765,0.559813678730489,4.4452644071462,0.575119772565621,0.937646527373394,1.4825539959,0.395703538962377,0.397260273972603,0.178899082568807,0.105377787812667
"sub-150423",0.851003728783031,0.55174220592088,2.20123465426802,0.572882477866343,4.62041857195992,0.570436610274397,0.920948075494954,1.6168835099,0.363847478650543,0.34703196347032,0.137614678899083,0.104476597655004
"sub-155938",0.961603342245362,0.542071497441222,2.32757552308722,0.546249273841426,4.7494776810583,0.550868249163613,0.914567367522018,1.767675134,0.373595934749034,0.34703196347032,0.201834862385321,0.100855173391987
"sub-156334",0.953717832602197,0.541858440104491,2.41028036123445,0.558884810461399,4.70805428375804,0.562849805190772,0.863166101650917,1.6990582174,0.419557811252997,0.365296803652968,0.178899082568807,0.0974010511222814
"sub-157336",0.944974949990678,0.531528879238965,2.18320936431514,0.573182461103253,4.38256670530749,0.567758162713617,0.888523833825229,1.4108717296,0.421871013355214,0.36986301369863,0.197247706422018,0.103182499279402
"sub-158035",0.820616796490291,0.594268784798488,2.06843772899411,0.605302240630218,4.30555360358266,0.588723189810684,0.932044425259633,1.645476088,0.38901323272443,0.378995433789954,0.192660550458716,0.10851759926639
"sub-158136",1.01672179961024,0.539712627143026,2.46609177871891,0.553838030076002,5.17138998080275,0.550506286905762,0.84818375697844,1.5882360369,0.354081082623649,0.392694063926941,0.178899082568807,0.0954781613498687
"sub-159239",0.873688185687443,0.56731072141132,2.14482089415834,0.596327463218903,4.47679580432118,0.583638539129241,0.873249523835321,1.3906602887,0.422481698504872,0.415525114155251,0.215596330275229,0.105154202266911
"sub-162935",0.891996937752408,0.544993006268456,2.16305399123673,0.584270642201835,4.6925749589034,0.591358398641644,0.909421621979358,1.4664271389,0.363055169352883,0.374429223744292,0.169724770642202,0.103243824389721
"sub-164131",1.10534003658338,0.504721461697491,2.68427560240416,0.516492002728927,5.51148932024346,0.533112604069562,0.852934934473395,1.5073017809,0.350802597990896,0.324200913242009,0.220183486238532,0.0900763834142666
"sub-164636",1.06461532959826,0.539439368555588,2.52603891533333,0.563535604918169,5.21656107858523,0.566610134366422,0.849493346400917,1.2953799114,0.445063449479569,0.360730593607306,0.215596330275229,0.092501593133628
"sub-165436",0.961176921660198,0.540420459471175,2.35055169203718,0.553401325568134,4.78077322548138,0.552128139474303,0.884982056215596,1.4418000375,0.39302921879492,0.378995433789954,0.169724770642202,0.10042511130663
"sub-167036",0.896043877840847,0.569130181768391,2.11300423082223,0.604049851413301,4.39428758058982,0.599763424684834,0.868100029001835,1.4632520665,0.426601763235447,0.392694063926941,0.137614678899083,0.103942823370087
"sub-167440",0.932013088066924,0.534686558849642,2.30947210097733,0.573819353166596,4.89576677412416,0.566803750266354,0.888605035165596,1.4901985108,0.402731885305349,0.36986301369863,0.215596330275229,0.0987654043393081
"sub-169040",0.957561560912274,0.519009088893815,2.30001454739623,0.544226867361865,4.7500444499285,0.551430754495658,0.902202653266514,1.4393438902,0.421142240907234,0.365296803652968,0.192660550458716,0.100087493850226
"sub-169343",0.791885918208825,0.583629833229348,1.9144674808237,0.597324896917157,3.74393883761321,0.597880030036099,0.928379933474771,1.542199423,0.533038779547339,0.342465753424658,0.192660550458716,0.116525645940951
"sub-169444",1.25150195909742,0.490926960668329,2.68781291601928,0.518192890842655,4.98752192819584,0.540014630577908,0.773129458012385,1.2530645279,0.434391410045756,0.356164383561644,0.151376146788991,0.0874086024336575
"sub-169747",0.816214337283602,0.60949543248644,1.95764246869079,0.594701004706777,4.07321506041649,0.593039221795569,1.00472574853073,1.862766248,0.467265937310729,0.333333333333333,0.201834862385321,0.114213153430983
"sub-171633",0.908964263141985,0.563313708999159,2.14562388994131,0.591760729077325,4.36664714070887,0.582648854331434,0.881653557697248,1.5245808021,0.46463840982218,0.337899543378995,0.229357798165138,0.104302954964421
"sub-172130",0.801719824480352,0.661914395399589,1.92328185341579,0.625520649972339,3.83032047870831,0.613706212251037,0.947343613808257,1.8254624828,0.395959453549481,0.410958904109589,0.160550458715596,0.117542604889856
"sub-173334",1.12195175492324,0.512767123287671,2.72311070813834,0.519892014776925,5.76719657435689,0.530107637372518,0.857311826813303,1.7480255162,0.393453377589774,0.383561643835616,0.188073394495413,0.0885643928933576
"sub-175237",1.0210020092581,0.535118665811418,2.43923258280737,0.551337359792925,5.0193724033191,0.55434887485661,0.855991450153211,1.4916549051,0.378185620290232,0.378995433789954,0.174311926605505,0.0957021030149609
"sub-176542",1.01284676693143,0.543204924751059,2.32594484959088,0.571766342774259,4.59677078765645,0.587696731234867,0.876031082429358,1.5304792153,0.337645976070777,0.388127853881279,0.188073394495413,0.0987570491178857
"sub-177140",0.866306862264238,0.559243984983263,2.27904851056153,0.549408436705594,4.69635666583692,0.550245095396347,0.947313695059633,1.5247263232,0.47502203989826,0.337899543378995,0.206422018348624,0.104031148272846
"sub-177645",0.744479098147208,0.585647637628298,1.78230884787959,0.619417831767133,3.70794687167632,0.620289885963977,0.970540569558716,1.6374683593,0.408599818373781,0.360730593607306,0.224770642201835,0.119369681732276
"sub-177746",0.84992648008406,0.594116264230782,2.01618718453223,0.601647633761364,3.99214974914028,0.600984402965993,0.932632930779817,1.5996572181,0.469562353820812,0.378995433789954,0.169724770642202,0.111019850674543
"sub-178142",0.968703054065921,0.541536640482083,2.35353361376483,0.555423266329098,5.07468585949183,0.552719971955767,0.883053925927523,1.5454751771,0.354345481607016,0.360730593607306,0.220183486238532,0.0975051955020683
"sub-178243",0.843895410737355,0.544216061185469,1.8986717524856,0.569251551352949,3.69714300231435,0.586766493641819,0.986798415146789,1.3831901622,0.488488255923838,0.388127853881279,0.247706422018349,0.117670657082397
"sub-178647",0.88753341942547,0.581618725039179,2.1957702579287,0.592048977489122,4.49989513047029,0.588126560913651,0.862011868949083,1.4073372544,0.429944495724588,0.365296803652968,0.229357798165138,0.102381594721022
"sub-180533",0.737004163917278,0.5697742648074,1.69463341819587,0.628859816836947,3.4436746833327,0.625080122041894,0.995375217702294,1.7394660597,0.470591956859021,0.342465753424658,0.211009174311927,0.1240604499881
"sub-181232",0.877578208941805,0.571491893550642,2.14950009167918,0.582368767105465,4.38719693252048,0.595265423242468,0.88775330092156,1.3229865591,0.48285222240432,0.351598173515982,0.211009174311927,0.105584230692724
"sub-181636",0.87465314960536,0.601390441128131,2.08555963866681,0.602492829252106,3.95952388337589,0.606424754697891,0.83306961711789,1.5218695419,0.444929872341268,0.36986301369863,0.192660550458716,0.106743099198422
"sub-182436",0.944793183129145,0.52315747080145,2.29792661027548,0.562180133908099,4.75074861438807,0.57637116839647,0.861840919383028,1.5235148835,0.407645004741642,0.388127853881279,0.206422018348624,0.0994807417567545
"sub-182739",0.955080325312418,0.538329305238792,2.32997055940354,0.569605332495123,4.6413716278525,0.576947051175224,0.829430756092661,1.4958596249,0.383596449273818,0.374429223744292,0.197247706422018,0.0979155173198736
"sub-185442",0.991643741547486,0.511260378434237,2.30506006385455,0.530695674314652,4.4611783260918,0.546784613299544,0.876608840977064,1.336125012,0.406210004982719,0.319634703196347,0.151376146788991,0.101132955386005
"sub-186949",1.26679970525219,0.516565177004851,2.91845663660039,0.516330177381933,5.50619255895867,0.521650927498213,0.732889204849083,1.3564057315,0.435076728799144,0.378995433789954,0.206422018348624,0.083720563270649
"sub-187345",0.888058827665875,0.572889980698368,2.09229567288025,0.59325785904498,4.40561820660925,0.596678353226264,0.922165098956881,1.6957803359,0.437724342321225,0.36986301369863,0.169724770642202,0.105867134815985
"sub-191033",0.917785577733978,0.538388923851479,2.27041679356933,0.568038129950235,5.02198076703874,0.564635792333285,0.924044841954587,1.4862122574,0.376410371020641,0.365296803652968,0.201834862385321,0.100584222850233
"sub-191336",0.861550449164095,0.538026139755068,2.02725770880228,0.578282965539733,3.99718288596598,0.593508061203208,0.912744981411927,1.7346185888,0.369497065789026,0.356164383561644,0.174311926605505,0.109643762404307
"sub-191841",0.946141159275077,0.580230419544019,2.260631187948,0.572112722843539,4.31551804476117,0.56741503440196,0.894878178704587,1.6352337724,0.423387018395621,0.351598173515982,0.18348623853211,0.103920750269926
"sub-192439",0.797380689115822,0.597716534163294,1.99481836317726,0.605745546710456,4.08225972097645,0.596806036290613,0.941532563450917,1.6051637136,0.45049075562603,0.328767123287671,0.215596330275229,0.113095864262463
"sub-192641",0.912467510636621,0.547623172337329,2.25313036107197,0.55768980879896,4.5333068987414,0.569832617942893,0.945690458405046,1.6874944691,0.489226629900718,0.365296803652968,0.224770642201835,0.103580427258473
"sub-193845",1.10221629416293,0.514079705451198,2.46546975287719,0.52985591576614,4.76998827126835,0.544921441158613,0.827222880214679,1.1769434674,0.478609307413608,0.374429223744292,0.169724770642202,0.0953303440662656
"sub-195041",1.05871725977571,0.552079264178415,2.50360541565941,0.532532987339045,4.75397217275645,0.545470211299368,0.851734793806881,1.3835998451,0.39386097247675,0.356164383561644,0.188073394495413,0.0959914726138806
"sub-196144",0.843138565851088,0.591905823112124,2.0643406597129,0.586889206715081,4.00090738131903,0.594002800499874,0.922173854680275,1.6860643915,0.431416950789228,0.36986301369863,0.206422018348624,0.110702372270424
"sub-197348",0.981819198917173,0.521706466326804,2.34883340357503,0.564199448619449,4.97001912063429,0.56779305143719,0.862538377642202,1.4469760066,0.386164685955776,0.351598173515982,0.215596330275229,0.0971734307573445
"sub-198653",0.865204218530339,0.558514378436852,2.26420240449766,0.580804397823526,4.87831979557052,0.57236319484361,0.93771426810367,1.7226193931,0.402173221025024,0.378995433789954,0.160550458715596,0.102415094609962
"sub-199655",0.743571633791155,0.64256480218281,1.80524271641668,0.618506234369735,3.44351945769501,0.604485385604273,0.944716715633945,1.7886943556,0.4571642959221,0.342465753424658,0.197247706422018,0.123673428709723
"sub-200210",0.977692486719177,0.531633094147143,2.31626782542037,0.546218719756671,4.57678583588286,0.557137881905968,0.882424385471101,1.8440597969,0.46872221289846,0.383561643835616,0.142201834862385,0.100462531970041
"sub-200311",0.948717499516619,0.550584646670056,2.52757538276305,0.544338676196596,5.16270265395261,0.548007759780468,0.876659482422477,1.3422232457,0.425291856408098,0.34703196347032,0.192660550458716,0.0957325363979177
"sub-200614",0.982634755597118,0.536009508887568,2.31569864475528,0.558845399537119,4.70567323981714,0.562539573993871,0.885958661611009,1.341210298,0.381148827386628,0.383561643835616,0.206422018348624,0.0996240043125833
"sub-201515",1.11524562947997,0.516212639241204,2.64451474607008,0.539973132850982,5.19234316186034,0.538482862150878,0.826865029745413,1.5243075217,0.407578655656433,0.378995433789954,0.155963302752294,0.09032108992445
"sub-203418",1.09299816843607,0.516270025002315,2.55307457047257,0.519749656278643,5.20989245200904,0.538080758079344,0.871194021261468,1.8669441564,0.485626624375589,0.374429223744292,0.188073394495413,0.0928819809264598
"sub-204521",1.16852814048009,0.485046834443065,2.67268103397907,0.504199742441425,5.08686957611542,0.523649215132402,0.841304903419266,1.4164346798,0.432014224075053,0.351598173515982,0.178899082568807,0.0900918134969408
"sub-205220",0.767582134622798,0.649305213363556,2.08345734934045,0.619888935640932,4.81112789094837,0.59762450510523,0.942643105412844,1.6052097575,0.434686348795373,0.374429223744292,0.215596330275229,0.108893801263423
"sub-209228",0.99426847205837,0.513860891757439,2.31683873559643,0.537875542476112,4.62533566697332,0.554923656520026,0.883361414435321,1.8913937161,0.321558207120347,0.356164383561644,0.174311926605505,0.0994626676248915
"sub-212419",0.826172487995177,0.545815096025011,2.05016629468444,0.577569050497536,4.20560370988745,0.575213852200217,0.945040848745872,1.583600825,0.426308609492113,0.388127853881279,0.192660550458716,0.109860064701316
"sub-214019",0.790141149182557,0.603253609821258,1.87414783991289,0.624085785722881,3.74245018819445,0.619115271340644,0.939290366909633,1.6137898572,0.392238171946985,0.351598173515982,0.220183486238532,0.117177833933098
"sub-214524",0.995296409204486,0.526402150575174,2.42315898691302,0.556815600239233,5.04563306242968,0.567672953830681,0.880365923363303,1.5446775136,0.428187587994983,0.360730593607306,0.169724770642202,0.0966293976196355
"sub-221319",1.18858704604535,0.523599116288411,2.69857577141708,0.50880733095756,5.0558321050176,0.52833219541005,0.792368760370183,1.2230357009,0.428567789455464,0.333333333333333,0.188073394495413,0.0897420678135747
"sub-233326",0.82375961669275,0.590445765474995,2.15898160640576,0.619711728550376,4.65500224537436,0.596122181453523,0.893456591989908,1.4613580331,0.427695273560197,0.342465753424658,0.211009174311927,0.105485853394265
"sub-239136",0.82532283439559,0.572969098969966,2.12651631594665,0.598249790533441,4.64315012312758,0.591802474724611,0.92623281248578,1.6338714493,0.396189741841619,0.333333333333333,0.201834862385321,0.106071065972483
"sub-246133",1.05642948298479,0.532944851396526,2.52711298308179,0.540989179083338,5.10288933049249,0.557161247899779,0.876054479818349,1.4909864523,0.400484249236,0.351598173515982,0.192660550458716,0.0933185203184149
"sub-249947",0.833895684767139,0.566792492398029,1.86552892263415,0.590470426816592,3.59267915414481,0.604388331721224,0.935355623624771,1.3664347963,0.432729461487105,0.378995433789954,0.206422018348624,0.117483032010158
"sub-251833",0.790425327653941,0.59013829839222,1.88075298980427,0.602353577708643,3.59751356109101,0.606642218399436,0.901775588666055,1.3488288354,0.424376254406244,0.406392694063927,0.160550458715596,0.117498850320221
"sub-257845",0.826115397721564,0.621366718131167,2.11424134470754,0.61291584593059,4.31673876021933,0.601961624429337,0.90601023442156,1.4105282237,0.456303681557371,0.36986301369863,0.188073394495413,0.107833686317017
"sub-263436",0.893871400167162,0.596658514013749,2.10718188142447,0.613107783152441,4.43458751410927,0.601125980061578,0.870083080588532,1.4116197009,0.469033531298745,0.333333333333333,0.201834862385321,0.104134413961511
"sub-283543",0.937648620517407,0.534665800021666,2.32588923373176,0.554688443004243,4.55128973278318,0.552379034395039,0.916022903619725,1.6008538246,0.415681410039048,0.337899543378995,0.201834862385321,0.101836502989906
"sub-318637",0.861300857973041,0.550209983520281,2.1429955760005,0.589194143390693,4.54240294415893,0.592112046196569,0.950002553955505,1.479868845,0.411402258101096,0.365296803652968,0.197247706422018,0.107011384213698
"sub-320826",0.859045207917228,0.657896009673519,2.19493255063043,0.610224846124859,4.36430701111564,0.594086849399446,0.840383134374771,1.4154388344,0.468996817813048,0.378995433789954,0.206422018348624,0.104834357021089
"sub-330324",0.922898347842983,0.535260482846251,2.22436003372007,0.553363141524106,4.36557822679198,0.569369702141752,0.898600555681651,1.5994260336,0.373917472111126,0.342465753424658,0.160550458715596,0.10359567973799
"sub-346137",1.02423520861399,0.525034597778645,2.5328791817402,0.531644517121437,4.99844847572472,0.54459489316037,0.824665324350917,1.3841831413,0.320720322996978,0.360730593607306,0.169724770642202,0.0938062927285645
"sub-352738",0.989647496218245,0.530831373351058,2.0956340663844,0.553781193449655,3.8963110643462,0.581000133570335,0.842853948263303,1.3718768414,0.40799717795654,0.378995433789954,0.178899082568807,0.105891862073176
"sub-360030",0.926604593828899,0.548559946416611,2.28880420777139,0.573052735687094,4.87046277782567,0.574968010099362,0.88090374854633,1.5455923026,0.375466518005112,0.342465753424658,0.197247706422018,0.0989834537590447
"sub-365343",0.917009290969472,0.572645841699988,2.27946795699567,0.581665399881767,4.85745991834035,0.568638319440101,0.908070006727523,1.6008103417,0.459174330720248,0.360730593607306,0.252293577981651,0.100838496346709
"sub-380036",0.851207289732804,0.559086570751882,2.11629898483859,0.585197013189592,4.39270885296036,0.580558297032399,0.912685855964679,1.630673639,0.364297514524862,0.356164383561644,0.174311926605505,0.106658927303509
"sub-381038",0.844561540469544,0.549543402960008,1.96360506957444,0.594194020845519,4.0269609910151,0.599613944034668,0.941051674986697,1.6932076383,0.400508035746454,0.397260273972603,0.238532110091743,0.111637665694016
"sub-385046",0.958684260697707,0.564985967289267,2.35211838422467,0.585055435578166,4.78141719935164,0.583167076707073,0.833929015066055,1.3681622785,0.352710825465734,0.397260273972603,0.174311926605505,0.0976204971168736
"sub-389357",0.814145306398071,0.585280254993049,1.97239797301067,0.620091448850065,4.30777608985572,0.612675384983677,0.912328563959174,1.4859506579,0.394434483804112,0.401826484018265,0.155963302752294,0.10992397788008
"sub-393247",0.857374341386172,0.597587814303291,2.01516754203719,0.597123931643685,4.13135813537952,0.602816591251247,0.913531187517431,1.3609874215,0.525970705951119,0.388127853881279,0.238532110091743,0.108282197818501
"sub-395756",0.774195024439996,0.57775022083305,2.02568200286487,0.611598268021023,4.56185748692408,0.600972632783446,0.954399500433486,1.6927063595,0.394603741945397,0.342465753424658,0.201834862385321,0.108887737634582
"sub-397760",0.912286967357811,0.548905590946173,2.28504198728484,0.586160257850361,4.96214534283135,0.588908591243782,0.884520487401835,1.5657312952,0.403757075274902,0.34703196347032,0.169724770642202,0.099363457795409
"sub-401422",1.01449002000603,0.535162301401448,2.57151923852994,0.547668892157972,5.40015153339761,0.551774360158861,0.849358536794954,1.5274188208,0.396129603975906,0.36986301369863,0.211009174311927,0.0923562305892087
"sub-406836",0.979448993301064,0.53235919426327,2.40947933640526,0.54373225646263,4.82584678521504,0.547263745593949,0.887242004626606,1.6548227763,0.389947060699032,0.34703196347032,0.215596330275229,0.0986173669256694
"sub-412528",0.818594310490924,0.610808772907583,2.02858203163435,0.595062598233158,4.07287264716102,0.587601788954053,0.941409236464679,1.4709160742,0.424568495303144,0.378995433789954,0.220183486238532,0.112457562027469
"sub-429040",0.903220558503399,0.567397096405851,2.2334067457504,0.57182812697314,4.53160314995604,0.566313926242869,0.947486214433486,1.7265149051,0.42873217183511,0.356164383561644,0.247706422018349,0.104768647263752
"sub-436845",0.985881627016008,0.529898072744617,2.30320938578919,0.559959114580924,4.44331922375956,0.574409780775717,0.817776309327064,1.3300142635,0.440968253524785,0.420091324200913,0.137614678899083,0.0989117101689409
"sub-463040",0.917971192609147,0.548021412826703,2.25130243390857,0.555161776643859,4.54589719255479,0.562200234996501,0.903926016470183,1.7081291033,0.44135006646365,0.383561643835616,0.160550458715596,0.103357093656055
"sub-467351",0.88343383008465,0.558165370576099,2.21670392514256,0.585212244520485,4.54915785025645,0.582127342364342,0.908512633512385,1.5556578022,0.398066941644573,0.383561643835616,0.201834862385321,0.102991236402885
"sub-473952",0.865011405798964,0.649230717379215,2.41152102455362,0.590543297389277,5.17289595503749,0.572342148682006,0.852496959837156,1.6698322034,0.457149864686263,0.337899543378995,0.243119266055046,0.0993410464928136
"sub-525541",0.828507859364466,0.568505247427232,1.9526363913528,0.606132354144133,3.99585656876876,0.619743676805851,0.938461079788991,1.4458623475,0.507419241373326,0.36986301369863,0.188073394495413,0.112040771614143
"sub-536647",0.887753838029008,0.608485337095636,2.10387989208889,0.580205250200548,4.12351303049024,0.58277234659109,0.922510348718349,1.94465939,0.442737643571212,0.360730593607306,0.178899082568807,0.109546085826945
"sub-541943",0.908550480209698,0.56805196158455,2.10362572198386,0.576227081302757,4.05020757989515,0.586708057005785,0.909422870491743,1.5500818278,0.407294481644769,0.356164383561644,0.174311926605505,0.107805892447744
"sub-547046",0.833766269736088,0.551888341543514,2.14813497742042,0.585684819060715,4.82946634868838,0.586025693838217,0.926463886145872,1.6378697921,0.359789812191538,0.360730593607306,0.197247706422018,0.102688053045759
"sub-550439",0.850106647623687,0.569341185762607,2.0569647762477,0.615547567959108,4.18572375679298,0.60834178923308,0.895211724434862,1.4160865915,0.416893352443797,0.356164383561644,0.215596330275229,0.107301678395726
"sub-552241",0.923833912702224,0.534388567293777,2.2426791419095,0.559749189995571,4.42462830463323,0.57040395241335,0.969917087898624,1.8081423967,0.408134470954488,0.310502283105023,0.192660550458716,0.104631693295524
"sub-562345",0.968025898269347,0.577326874342752,2.2092095618074,0.573283578672649,4.27243658951436,0.588563388457389,0.882387645774771,1.3718781901,0.519309056845503,0.360730593607306,0.215596330275229,0.103259180156139
"sub-572045",0.813342446059571,0.629465838509317,1.9593665985333,0.628229122552971,4.02127991246928,0.628378378378378,0.889004155368349,1.5063491213,0.395735701177108,0.365296803652968,0.206422018348624,0.110313063955843
"sub-573249",0.830708902498508,0.577088159149748,1.89964724185111,0.593752148386476,3.86894424040347,0.593946554244722,0.951594019311009,1.8108303971,0.407994976676826,0.392694063926941,0.155963302752294,0.115110342730601
"sub-581450",0.930416471933181,0.541894112035614,2.26970942399155,0.559765198314715,4.81301352418943,0.576152544419052,0.926498406506422,1.6363404755,0.366223134686688,0.356164383561644,0.146788990825688,0.101140345286661
"sub-601127",0.904104535063301,0.557705351692329,2.16127072419071,0.556859867938371,4.01737531827102,0.56601121511178,0.904751333779817,1.6523313211,0.404356392752129,0.337899543378995,0.26605504587156,0.107940781145995
"sub-617748",0.905840298694844,0.54244762954796,2.1368763913882,0.556879613749907,4.23026251835301,0.567883546703786,0.949451296721101,1.614843558,0.439208921778325,0.365296803652968,0.18348623853211,0.108071557577579
"sub-627549",0.97261043237014,0.584970377299657,2.38070723447621,0.560079568217227,4.78814301038137,0.546512319835424,0.871813955341284,1.6300206468,0.432443825892001,0.392694063926941,0.151376146788991,0.0988454070744274
"sub-638049",0.79872010567494,0.584848432327504,2.03040270023448,0.6086854815406,4.45223653300966,0.59659925782545,0.926220270027523,1.5745828562,0.398955587744906,0.392694063926941,0.197247706422018,0.108230248470218
"sub-644246",0.906466591921544,0.55012883976402,2.23708257386918,0.568108498368686,4.4371852148509,0.578811303531875,0.907061996355963,1.6358401442,0.41582172099316,0.351598173515982,0.215596330275229,0.104446947928833
"sub-654552",0.686341484890761,0.632919111345507,1.73857768130057,0.634478235920977,3.54758970916312,0.63575142675967,1.00500968239266,1.8621903606,0.445429711763344,0.374429223744292,0.224770642201835,0.124008945094738
"sub-671855",1.02459533357782,0.546426269426341,2.52173144104568,0.557838158675724,5.3806250224136,0.559043925155497,0.87617846423211,1.725185154,0.379334768385792,0.397260273972603,0.197247706422018,0.0939418264527253
"sub-680957",1.05950904640312,0.526065329430567,2.43867759428607,0.5451300840368,4.78711481990666,0.558929956060998,0.808704922268807,1.3739632479,0.429833881436706,0.374429223744292,0.220183486238532,0.0936809090399098
"sub-690152",0.744542641520691,0.60241195490693,1.86821245163191,0.608077304954621,4.01896483824582,0.597714837463792,1.02577192122798,1.655023889,0.40755567151483,0.378995433789954,0.220183486238532,0.118180514899655
"sub-706040",0.851512013015104,0.552615029871083,2.07020867988068,0.602931695096342,4.30895022292168,0.604190265298301,0.898798513902294,1.4415629422,0.423515530106622,0.365296803652968,0.178899082568807,0.105995329878722
"sub-724446",0.960912046852248,0.510414805816571,2.22227620529298,0.531940480760781,4.27895550289365,0.55782554177802,0.90348710583578,1.5003844403,0.359286982270218,0.324200913242009,0.160550458715596,0.103340344357611
"sub-725751",0.932583407931535,0.548795128316659,2.19093857838724,0.574736252450752,4.40070156356697,0.582173366429193,0.872584841258257,1.4411354751,0.434431163395358,0.360730593607306,0.201834862385321,0.103634349771164
"sub-732243",0.901510247236734,0.567727140485685,2.29946144350229,0.582244833533877,4.68648246774664,0.578117896007105,0.889607552373395,1.5028957985,0.392689966925818,0.365296803652968,0.206422018348624,0.100610280682974
"sub-751550",0.76226618915476,0.618512507497442,1.84246975836818,0.616606164173398,3.73087370123416,0.611549626362121,1.03231067739266,1.8376320486,0.522547448375149,0.342465753424658,0.224770642201835,0.12025779096224
"sub-757764",0.92484256836813,0.556116576944496,2.23375313154155,0.556472983377656,4.56967383081768,0.561956692684377,0.950832369945413,1.484352398,0.450729604781046,0.378995433789954,0.206422018348624,0.104936649505156
"sub-765864",1.06613620481501,0.508529620366568,2.65017509788475,0.52128759353927,5.60920867235,0.53054982358947,0.865191554088532,1.5170521406,0.405614026439573,0.392694063926941,0.215596330275229,0.0909735934450991
"sub-770352",1.04136348725122,0.527842917643765,2.4244679411818,0.529287363100641,4.70543181529729,0.55469586978988,0.843054943503211,1.6349142288,0.409320436294576,0.401826484018265,0.155963302752294,0.0967657647652372
"sub-771354",0.923766942562363,0.524478213108751,2.16785714823545,0.556584594533544,4.36399598086565,0.57022159717532,0.937036203673853,1.4409941559,0.424048701259045,0.410958904109589,0.197247706422018,0.105992332941724
"sub-782561",0.811177788439433,0.569079805835378,2.02805794852438,0.600399091722287,4.40872338073079,0.595834612236546,0.958124226093578,1.6304354061,0.388441139812689,0.378995433789954,0.206422018348624,0.109260126195427
"sub-783462",0.924156617584982,0.553317326365594,2.27808665923846,0.582738703576103,4.69149443870607,0.578404874055014,0.885739760836697,1.4703054872,0.444660848932604,0.360730593607306,0.229357798165138,0.100415261319618
"sub-789373",0.77699380145507,0.552050362857393,1.8552288869918,0.613343528786894,3.91545333038257,0.614938162036535,0.968228155404128,1.6686359177,0.421279783469199,0.34703196347032,0.174311926605505,0.11545849961961
"sub-814649",0.93266469181349,0.54834843303839,2.27751074685251,0.566315485640064,4.65383165509269,0.561397837953548,0.873800232816972,1.606622798,0.37788478000585,0.401826484018265,0.224770642201835,0.101080101152599
"sub-818859",0.805591682401204,0.541433812185004,1.89740259459851,0.602318358495594,3.8474233364239,0.607554371002132,0.947588275803211,1.5790367029,0.476569179540309,0.392694063926941,0.188073394495413,0.114450443231323
"sub-825048",0.858916527968584,0.583172901815911,1.96645958799202,0.611143354614045,4.08522562208386,0.612773939933288,0.96121293096422,1.7999521811,0.4351643279423,0.365296803652968,0.192660550458716,0.110826015225638
"sub-826353",0.924570187185854,0.546531425466401,2.23555099298103,0.562479138078107,4.49159036202301,0.562226370269812,0.934713624279358,1.588038184,0.417615702305914,0.365296803652968,0.188073394495413,0.103693235617328
"sub-833249",1.01018059888647,0.543856534090909,2.51496500179364,0.553752107925801,5.08804895328295,0.557421371962353,0.82897427301055,1.5160436486,0.440426594829308,0.328767123287671,0.174311926605505,0.0931036052802786
"sub-859671",0.863840023305406,0.558116389921953,2.07007121715661,0.574806586731803,4.24868968918732,0.580197195723158,0.932362300476606,1.6781117748,0.380270339553849,0.374429223744292,0.169724770642202,0.107972321369472
"sub-861456",0.805833898108242,0.570468388993909,2.11441748842625,0.591097361305015,4.53451404820332,0.580477926805042,0.940981251929358,1.4995735882,0.391543882115423,0.333333333333333,0.220183486238532,0.107585709748718
"sub-871762",0.876704311639869,0.539436323483016,2.053094190327,0.563515559981991,4.02536729720693,0.575476627388362,0.902514491238532,1.5390796809,0.419271981839122,0.365296803652968,0.192660550458716,0.108801308496179
"sub-872764",0.826545228421394,0.541925246826516,1.91729583087315,0.59927748433181,4.2920005913086,0.604078392079275,0.957791132475229,1.9182584219,0.390443192770923,0.36986301369863,0.188073394495413,0.110385966690546
"sub-878776",1.05255045416077,0.514615713674604,2.44616685348172,0.530787861252794,4.66969316942555,0.550663909791904,0.818242639415596,1.6353163352,0.411941716068052,0.388127853881279,0.165137614678899,0.0960661537679619
"sub-878877",0.772453070979758,0.581896765040664,1.84302120051932,0.613078317146253,3.91687010264496,0.623054085943745,0.948082085538532,1.4954610059,0.361380165825058,0.406392694063927,0.174311926605505,0.115171418309158
"sub-898176",0.978381579549055,0.519417989417989,2.19809653565972,0.546867067530496,4.31034809612871,0.562936980322326,0.878168152874312,1.3968446689,0.437990521741747,0.378995433789954,0.146788990825688,0.103416643470694
"sub-899885",0.94006567519632,0.537329582341485,2.16321443239483,0.558051738789232,4.20978550992193,0.573951811800417,0.906644631630734,1.466279853,0.36169853301825,0.356164383561644,0.229357798165138,0.104797966424354
"sub-901139",0.821139208818352,0.600753633590526,2.06221970463231,0.60570303016422,4.35818667976649,0.600771213166138,0.921244376257798,1.6496913026,0.469661299438543,0.388127853881279,0.197247706422018,0.108324819790513
"sub-901442",1.57948304449487,0.457959989759719,3.25846444338861,0.451606457230128,5.76330502290844,0.481891421261375,0.672373567921101,1.2634976689,0.383123237094041,0.356164383561644,0.211009174311927,0.0759357685326889
"sub-905147",0.821413617395485,0.580409101996724,1.97776198441242,0.602802956351973,4.05414699310204,0.595533291319949,0.942745751967431,1.5953623858,0.420366780302321,0.356164383561644,0.220183486238532,0.11168489580174
"sub-910241",0.826034165077313,0.55304142350793,1.97178446988543,0.57186569979461,3.95771861460508,0.576943410567975,0.963963475359633,1.6689548192,0.389618899017911,0.388127853881279,0.165137614678899,0.114337019693321
"sub-926862",0.845265039063536,0.564184919966302,2.13436773812389,0.594027134194471,4.85425235185799,0.592809917355372,0.951624071418807,1.6689768567,0.386765464433067,0.374429223744292,0.165137614678899,0.104978526616955
"sub-927359",0.902202936188173,0.549441449358639,2.2311017471769,0.581680912719386,4.64235398067174,0.579689847686609,0.887601337402294,1.7311087528,0.460042125841953,0.397260273972603,0.206422018348624,0.10266347323865
"sub-942658",0.883280374830189,0.554769133013273,2.29362873205616,0.565422748167358,4.6865397985289,0.56697636280289,0.909122604159174,1.2986699538,0.424034216874081,0.365296803652968,0.165137614678899,0.102037785448154
"sub-943862",0.873353100138267,0.594901725173805,2.22171022923964,0.597339088624194,4.81613434691064,0.576197992112468,0.908097499311009,1.650843211,0.468933368205502,0.374429223744292,0.201834862385321,0.102623081299788
"sub-951457",0.753920248538493,0.594540195862862,1.79198608198637,0.618704446810253,3.60520649614166,0.619680794617654,0.964136681737156,1.437433959,0.482058736000537,0.34703196347032,0.188073394495413,0.119761326485108
"sub-958976",0.858490047873301,0.568824065633546,2.20220691623392,0.564350070345766,4.48684888714293,0.56914934368456,0.904711741501376,1.5533970804,0.415208602838456,0.392694063926941,0.224770642201835,0.104900285415317
"sub-966975",0.713125144729532,0.615339093383832,1.83433985907525,0.624915712158719,3.83364260423207,0.6119980861485,0.999152176744495,1.84560259,0.481217575889118,0.360730593607306,0.174311926605505,0.118758333941896
"sub-971160",0.931427689629117,0.53222587778437,2.17842159905412,0.568746795610516,4.54738031330393,0.569472214321915,0.890162752490367,1.5546549216,0.419994703419473,0.383561643835616,0.151376146788991,0.103467997348992
"sub-973770",0.829990207475599,0.540833409989881,1.94092927660638,0.559925611201417,3.76383538203019,0.569818097310544,1.04877612904541,1.5464691653,0.532790904577947,0.315068493150685,0.243119266055046,0.117242043819843
"sub-995174",1.14006529515802,0.510759771629337,2.54849608540404,0.534984581622808,4.91645790960452,0.545696909106057,0.827847210814679,1.2566163119,0.412172506119898,0.374429223744292,0.201834862385321,0.0918375283564957
